{
  "1": {
    "nrmse": 0.038582867022575164,
    "sse": 91.95056703912701,
    "nf": 2383.1968470701245,
    "count": 57283
  },
  "2": {
    "nrmse": 0.07697750377925981,
    "sse": 183.45253238242498,
    "nf": 2383.196692224423,
    "count": 57280
  },
  "3": {
    "nrmse": 0.12368531845764054,
    "sse": 293.00951746851797,
    "nf": 2368.9918991385157,
    "count": 57273
  },
  "4": {
    "nrmse": 0.248848856079121,
    "sse": 593.055753284224,
    "nf": 2383.1966223532213,
    "count": 57280
  },
  "5": {
    "nrmse": 0.4711163070763632,
    "sse": 1122.7438662799684,
    "nf": 2383.1564507869666,
    "count": 57254
  }
}