{
  "1": {
    "nrmse": 0.138832569119333,
    "sse": 327.571385320606,
    "nf": 2359.470745218604,
    "count": 56953
  },
  "2": {
    "nrmse": 0.4158592196913361,
    "sse": 989.7442162093377,
    "nf": 2379.998252639336,
    "count": 56637
  },
  "3": {
    "nrmse": 0.9879531880486296,
    "sse": 2321.0398313387846,
    "nf": 2349.341911556782,
    "count": 55892
  },
  "4": {
    "nrmse": 2.21164486059867,
    "sse": 5150.708421889251,
    "nf": 2328.903936455244,
    "count": 53838
  },
  "5": {
    "nrmse": 5.118801830524137,
    "sse": 11748.08630574275,
    "nf": 2295.085196634739,
    "count": 53602
  }
}