nan,1,si
nan,2,si
nan,3,si
nan,4,si
nan,5,si
3777.261486459292,1,si
0.1334611097175978,2,si
0.9798133877175391,3,si
0.9874854506130392,4,si
0.99495205872032,5,si
