{
  "1": {
    "nrmse": 0.10928642242829778,
    "sse": 260.4277144118152,
    "nf": 2382.9832528618126,
    "count": 57184
  },
  "2": {
    "nrmse": 0.2865890906978039,
    "sse": 682.6694136444661,
    "nf": 2382.0495469044636,
    "count": 56773
  },
  "3": {
    "nrmse": 0.612341586701958,
    "sse": 1456.9857023834027,
    "nf": 2379.3675523993998,
    "count": 56009
  },
  "4": {
    "nrmse": 1.6503573778003549,
    "sse": 3919.95819871372,
    "nf": 2375.2177870337127,
    "count": 55101
  },
  "5": {
    "nrmse": 2.023880165735578,
    "sse": 4793.245640145801,
    "nf": 2368.3445894157967,
    "count": 53993
  }
}